breakpoints,primitives,p_bp,q_bp
0,movej_fit,"[array([1300.,  500.,  300.])]","[array([ 0.41596099, -0.00769107, -0.0770334 ,  0.16640586, -1.15263447,
       -0.45682964])]"
2501,movec_fit,"[array([1519.24599124,  291.54759474,  300.        ]), array([ 1.59999995e+03, -2.44990166e-01,  3.00000000e+02])]","[array([ 0.05018068,  0.13992633,  0.03671759, -0.39204364, -1.07230688,
       -0.00759272]), array([-0.28125809,  0.32150984,  0.131584  , -0.87738066, -1.2677928 ,
        0.34881223])]"
5001,movec_fit,"[array([1384.41366757, -212.14346802,  300.        ]), array([1090.31486685, -283.04555083,  300.        ])]","[array([-0.55384609,  0.26616637, -0.10822525, -1.18262221, -1.56383453,
        0.5529689 ]), array([-0.75488073,  0.14892867, -0.45675601, -1.35289641, -1.87337699,
        0.63903366])]"
