average speed,max speed,min speed,std speed,average error,max error,min error,std error,average angle error,max angle error,min angle error,std angle error
501.22963759331543,582.256340825401,447.11947678327454,18.52282776040737,0.11008703976109091,0.4944020995645987,0.0018665586486504133,0.10669633248452187,0.004122947828772979,0.04581334893118727,2.552111311091721e-05,0.005160057751319821
