average speed,max speed,min speed,std speed,average error,max error,min error,std error,average angle error,max angle error,min angle error,std angle error
32.58981620869252,66.31927660273564,29.730035490218313,1.9792703984565785,0.12945838696357287,0.4782374714153756,0.007970276390449798,0.046122664689187465,0.01101323719553133,0.04084605890358753,6.772694972237677e-05,0.00859409617968337
