average,max,min,std,max error,max ori error
147.6581651321067,156.96423317538708,138.11713659060413,2.0695154650978362,0.9738255110523734,0.009751744959736328
