num_breakpoints,max_cartesian_error (mm),max_cartesian_error_index (mm),avg_cartesian_error (mm),max_orientation_error  (rad),max_z_error (mm),average_z_error (mm)
10,101.12929416583471,16976,24.39955931739021,0.27491769440521274,47.32663478274928,-1.47638075969261
40,8.748494278762324,13159,1.0813804501062259,0.028635423860776443,3.2220562016002674,0.0012434401058314393
56,1.8770151474188097,1283,0.2674833563698633,0.028635423860776443,0.7893744851164186,0.0006228568752533192
59,1.4420222415226154,6249,0.23444205299307305,0.028635423860776443,0.39623718025003996,0.00048339779715433906
89,1.292564053150366,13159,0.1521570534765381,0.022024439726588782,0.378117326141826,0.0001063987810425715
105,1.2925640137424017,13159,0.11359482229209754,0.003248944110620111,0.3781175302691153,-8.867070675933064e-06
148,0.27181457385090807,11369,0.04826055377198017,0.0026304038209060787,0.17296317074759315,-2.0492909143854376e-05
