num_breakpoints,max_cartesian_error,max_cartesian_error_index,avg_cartesian_error,max_orientation_error
13,110.54238398923574,14424,19.141092426803933,2.1337369653720333
83,1.849521047811246,0,0.19497385231223197,0.19275211186084412
97,1.8495210460513316,0,0.18813123704285065,0.11844288937859714
127,1.73506232820026,6250,0.13512534881047883,0.04605391120330786
156,1.735060978154703,6250,0.12562342426793044,0.009891784623853522
203,1.7350609774920829,6250,0.08510967207955049,0.003359246966452432
258,1.7350609808222974,6250,0.03911540310214107,0.001726731571004579
