average,max,min,std,max error,max ori error
825.3188500277325,835.6893669931831,776.9210542366683,7.206674482087279,0.970716080065337,0.007776298151683654
