breakpoints,primitives,points
0,movej_fit,"[array([ 0.3120923 ,  0.27688859,  0.40240991,  0.6676647 , -0.49953974,
       -0.52210179])]"
2501,movec_fit,"[array([2419.24599124,  291.54759474, 1000.        ]), array([ 2.49999995e+03, -2.44990166e-01,  1.00000000e+03])]"
5001,movec_fit,"[array([2419.24599124, -291.54759474, 1000.        ]), array([2200., -500., 1000.])]"
