average,max,min,std,max error,max ori error
206.67710344744583,211.14359299283237,198.49417451946314,0.6725990475678171,0.9811414941789467,0.012991902300137958
