Max Error,Iteration,Episode
0.21816864082027893,3.0,1500
0.17454997925455565,2.0,1600
0.21026399194235726,3.0,1700
