Max Error,Iteration,Episode
1.108140199379935,6.9,100
1.0864951378108092,7.7,200
1.0753688915572996,7.8,300
1.0485098105550628,7.8,400
1.0996501036345838,7.8,500
1.096602822335632,7.8,600
1.1014406146499527,7.8,700
1.0742675707250302,6.3,800
1.0965966248652,6.3,900
1.09411939789311,6.2,1000
1.0901663192245243,6.3,1100
