Max Error,Iteration,Episode
0.4436253646637317,7.125,1700
0.4328871738260367,6.625,1800
0.4453972631873772,7.125,1900
0.4461400439176395,8.125,2000
0.5223551624614013,7.25,2100
0.6218713236387268,7.75,2200
0.4461080637523823,6.875,2300
0.4391625656702415,7.125,2400
0.4228303193614116,7.125,2500
0.42137248820722056,7.125,2600
0.39074982127772895,6.75,2700
0.3927088088775026,6.75,2800
0.39177158027658265,6.75,2900
0.3949123661283028,6.75,3000
