Max Error,Iteration,Episode
6.283343044076199,2.0,1
0.37580994356158903,10.0,50
0.21166168465395485,10.0,100
0.511144617070114,10.0,150
0.728952945801226,10.0,200
0.4663240313731582,10.0,250
0.7849776943068302,10.0,300
0.4509568811276444,10.0,350
0.3155818500662576,10.0,400
5.65299848801606,4.0,450
3.3969687700690625,10.0,500
0.49604572836389466,10.0,550
0.6353332371552796,10.0,600
0.5387474437674359,10.0,650
