average,max,min,std,max error,max ori error
330.14555261145836,337.0786118417997,322.8733333793685,1.9175892434822663,0.8830319404834058,0.009000419592765034
