,episode_rewards,episode_steps,curve
0,-23.045819563277632,22,102
1,684.8409780000002,9,187
2,444.85907296200025,12,166
3,317.5358490992202,14,49
4,517.6211921800001,11,39
5,684.8409780000002,9,128
6,444.85907296200025,12,134
7,378.3731656658002,13,4
8,597.3568802000002,10,142
9,378.3731656658002,13,43
