average,max,min,std,max error,max ori error
165.38229308954587,172.50830357885897,157.59464643213332,1.8865218089165485,0.9578114322931601,0.004034500941648213
