average speed,max speed,min speed,std speed,average error,max error,min error,std error,average angle error,max angle error,min angle error,std angle error
973.1219512082262,1001.3059653577062,913.1667642051115,13.872074588794,0.20446158711887516,0.4219155119342312,0.03559310627729531,0.05297899047714804,0.0020266477731096444,0.007162298185073883,0.0002603199308100688,0.001347193268635919
