breakpoints,primitives,points
0,movej_fit,"[array([ 0.48263116,  0.1197838 ,  0.05540358,  0.37139663, -1.39883788,
       -1.31238221])]"
2501,movel_fit,"[array([ 1.30010000e+03, -1.73205081e-01,  3.00000000e+02])]"
5001,movel_fit,"[array([1550.        , -433.01270189,  300.        ])]"
