average speed,max speed,min speed,std speed,average error,max error,min error,std error,average angle error,max angle error,min angle error,std angle error
70.88241181304991,76.3827562131462,64.17516530229719,1.0836752902434381,0.19041236167120698,0.47715690349767026,0.006939449131304706,0.07223281609279361,0.009824502551422414,0.03924072889701127,3.066914918453248e-05,0.008028767286414055
