average speed,max speed,min speed,std speed,average error,max error,min error,std error,average angle error,max angle error,min angle error,std angle error
397.64321607705057,442.8523339418091,326.76931754775364,18.701781457619994,0.09845798646734641,0.443696807205329,0.006415743269963071,0.09360484040377448,0.003299126777912546,0.017119465151336104,3.194934408174722e-05,0.002898432445851038
