average speed,max speed,min speed,std speed,average error,max error,min error,std error,average angle error,max angle error,min angle error,std angle error
567.0295631309871,585.9890068946472,515.006941560841,23.06398645870294,0.13670147963758694,0.4393506197159386,0.016954519539748518,0.06847872058178407,0.0020116403935849037,0.009072007502538901,0.00010456311195659354,0.00148510508662628
