breakpoints,primitives,points,q_bp
0,movej_fit,"[array([1400. , -500. ,  725.4])]","[array([-0.41631872,  0.06940632, -0.18506826, -0.27269193, -0.84921095,
        0.548377  ])]"
25000,movel_fit,"[array([ 1.40000000e+03, -4.29768828e-01,  7.25400000e+02])]","[array([-3.80056884e-04, -5.19683587e-02, -3.07339703e-01, -2.67029833e-04,
       -7.91826256e-01,  5.16739892e-04])]"
50000,movel_fit,"[array([1400.        ,  498.60180139,  725.4       ])]","[array([ 0.41528398,  0.06875959, -0.18575284,  0.2721125 , -0.84890507,
       -0.54710572])]"
