breakpoints,primitives,points,q_bp
0,movej_fit,"[array([2100.,  500.,  700.])]","[array([ 0.        ,  0.70626835, -0.50359216, -0.        ,  1.20986051,
        0.        ])]"
25000,movel_fit,"[array([2100.       ,  999.9899998,  700.       ])]","[array([ 0.28926554,  0.74364362, -0.42620643, -0.31264766,  1.18739757,
        0.12033515])]"
50000,movel_fit,"[array([2100., 1500.,  700.])]","[array([ 0.53691074,  0.85658213, -0.1972111 , -0.60040341,  1.13213399,
        0.28301754])]"
