average,max,min,std,max error,max ori error
543.0997466246346,575.8731435098352,5.78907604350289,94.08731220344042,0.518909684451415,0.005992478038633842
