breakpoints,primitives,p_bp,q_bp
0,moveabsj_fit,"[array([1300.,  500.,  300.])]","[array([ 0.41596099, -0.00769107, -0.0770334 ,  0.16640586, -1.15263447,
       -0.45682964])]"
2501,movel_fit,"[array([ 1.3e+03, -2.0e-01,  3.0e+02])]","[array([-0.35037393, -0.05828834, -0.28244493, -0.88373596, -1.29817881,
        0.42124386])]"
5001,movel_fit,"[array([1300., -500.,  300.])]","[array([-0.76403038,  0.52006117,  0.00443109, -1.37630938, -1.89942039,
        0.54797657])]"
