average,max,min,std,max error,max ori error
188.9358881251501,194.72231367764076,182.3566743809906,1.5485265849612064,0.9967009950119636,0.00423305352550484
