breakpoints,primitives,points
0,movej_fit,"[array([ 0.62761638,  0.84296928, -0.25283149,  1.71079082, -0.90506753,
        0.75517087])]"
9927,movec_fit,"[array([2358.21488188,  927.53510359,  684.94196191]), array([2316.48457661,  759.60997345,  667.65564221])]"
15733,movec_fit,"[array([2285.9847732 ,  662.27687699,  671.71715885]), array([2252.62637309,  566.85651967,  685.43944898])]"
20586,movec_fit,"[array([2224.22382062,  487.54914075,  699.1722161 ]), array([2196.52382789,  408.57298122,  715.73811571])]"
22639,movej_fit,"[array([ 0.45562883,  0.72363894,  0.23228282,  1.37532443, -1.39531938,
        0.73274856])]"
29937,movec_fit,"[array([2137.76834094,  220.02505149,  750.45415055]), array([2109.22042886,   95.82937978,  764.90564156])]"
33125,movec_fit,"[array([2101.05557278,   40.34945438,  766.17513116]), array([2095.3999798 ,  -15.35833318,  764.42256669])]"
43743,movec_fit,"[array([2103.4417403 , -196.76946266,  725.60817812]), array([2151.27019832, -353.53326288,  638.46992419])]"
50000,movec_fit,"[array([2191.31522747, -432.07991659,  572.78993622]), array([2237.97623543, -499.3705397 ,  499.48201958])]"
