breakpoints,primitives,points
0,movej_fit,"[array([ 0.3120923 ,  0.27688859,  0.40240991,  0.6676647 , -0.49953974,
       -0.52210179])]"
2496,movel_fit,"[array([2.20001431e+03, 8.05060322e-01, 1.00000000e+03])]"
2507,movec_fit,"[array([ 2.20020855e+03, -1.50971717e-01,  1.00000000e+03]), array([ 2.20059957e+03, -1.04474294e+00,  1.00000000e+03])]"
5001,movel_fit,"[array([2450.        , -433.01270189, 1000.        ])]"
