average,max,min,std,max error,max ori error
126.97648903180874,136.3516018774023,117.09516166965408,1.772681221654614,0.9728425927455582,0.017717169875960934
